ID,name,email,location,created_at
1,Davis,davis@gmail.com,POINT (90.35846985876562 23.807252990471717),4/27/2018
2,Adnan,adnan@yahoo.com,POINT (90.33679358661175 23.78406360812878),4/28/2017
3,Joanna,joannaIgreen@dayrep.com,POINT (90.36906391382217 23.835105390784705),4/30/2017
4,John,johnbdaly@teleworm.us,POINT (90.36937773227692 23.834548456570175),8/1/2017
5,Simmons,BetteSSimmons@rhyta.com,POINT (90.417394638062 23.776768878939),5/4/2017
6,Patterson,ritadpatterson@armyspy.com,POINT (90.41405720446 23.78134969774916),6/22/2017
7,Pritchett,kimdpritchett@rhyta.com,POINT (90.40836095809937 23.802058126066008),8/10/2017
8,Ronnie,ronnietle@rhyta.com,POINT (90.41526764631271 23.792059843102116),5/31/2017
9,Jennifer,Jenniferdwinston@teleworm.us,POINT (90.41481167 23.79446135),5/5/2017
10,Louis,louiskwhite@armyspy.com,POINT (90.41478217 23.79440493),6/3/2017
11,Ronnie,ronnietle@rhyta.com,POINT (90.41526764631271 23.792059843102116),7/25/2019
12,Jennifer,Jenniferdwinston@teleworm.us,POINT (90.41481167 23.79446135),6/3/2017
13,Patterson,ritadpatterson@armyspy.com,POINT (90.41405720446 23.78134969774916),9/12/2018
14,John,johnbdaly@teleworm.us,POINT (90.36937773227692 23.834548456570175),5/10/2017
15,Timothy,timothylstclair@rhyta.com,POINT (90.39315450936556 23.820665423910068),6/3/2017
